<?xml version="1.0" encoding="UTF-8"?>
<project-private xmlns="http://www.netbeans.org/ns/project-private/1">
    <editor-bookmarks xmlns="http://www.netbeans.org/ns/editor-bookmarks/2" lastBookmarkId="0"/>
    <open-files xmlns="http://www.netbeans.org/ns/projectui-open-files/2">
        <group>
            <file>file:/C:/Users/edwii/Desktop/PROGRAMACION%20II/java_form_mysql-main/src/modelo/Cliente.java</file>
            <file>file:/C:/Users/edwii/Desktop/PROGRAMACION%20II/java_form_mysql-main/src/modelo/Conexion.java</file>
            <file>file:/C:/Users/edwii/Desktop/PROGRAMACION%20II/java_form_mysql-main/src/vista/frm_cliente.java</file>
        </group>
    </open-files>
</project-private>
